ID,Idade,Renda_Mensal,Num_Compras,Gasto_Total,Satisfacao,Regiao
1,56,5962.01,19,5710.06,Alta,Sul
2,69,4076.06,8,2382.81,Alta,Norte
3,46,4250.08,5,1758.24,Baixa,Centro-Oeste
4,32,4952.35,8,2152.97,Media,Sul
5,60,2630.46,12,4788.37,Media,Sul
6,25,4593.51,1,164.87,Media,Sudeste
7,38,3874.41,6,904.75,Alta,Norte
8,56,4628.73,18,5580.89,Alta,Norte
9,36,3278.45,8,1796.87,,Centro-Oeste
10,40,8288.43,7,1470.67,Alta,Norte
11,28,6358.35,1,227.97,Alta,Sul
12,28,6914.17,16,3424.19,Alta,Centro-Oeste
13,41,7629.61,12,1892.37,Media,Norte
14,53,5739.87,6,2357.3,Media,Centro-Oeste
15,57,3064.98,2,410.37,Alta,Norte
16,41,5991.19,14,4669.1,Media,Norte
17,20,6314.47,4,1362.6,,Sudeste
18,39,7345.36,1,382.31,Media,Norte
19,19,5305.79,18,2837.47,,Centro-Oeste
20,41,3329.27,13,4784.16,Baixa,Sul
21,61,4344.54,2,563.61,Alta,Sudeste
22,47,4860.03,9,2773.22,Media,Norte
23,55,6698.46,2,622.24,,Norte
24,19,6210.06,9,3194.55,Baixa,Centro-Oeste
25,38,4814.63,1,233.35,Baixa,Sudeste
26,50,8912.35,11,3665.89,Media,Norte
27,29,6437.54,3,846.43,Media,Sul
28,39,4041.97,4,1393.39,Baixa,Sul
29,61,3161.59,18,7157.46,Alta,Norte
30,42,3493.58,6,1200.98,Alta,Sul
31,66,4098.73,3,1195.99,,Sudeste
32,44,3544.43,11,1896.98,Alta,Norte
33,59,3712.69,15,2258.69,Baixa,Centro-Oeste
34,45,4353.12,5,805.2,Baixa,Sudeste
35,33,3626.93,10,2354.46,Baixa,Sul
36,32,8328.98,12,3698.72,Alta,Norte
37,64,3021.52,15,2508.86,,Sudeste
38,68,5909.32,17,2574.08,Alta,Sul
39,61,5167.58,10,3842.73,,Norte
40,69,8885.46,6,2132.89,Alta,Nordeste
41,20,3228.25,18,6341.32,Baixa,Centro-Oeste
42,54,5086.06,13,4824.38,Baixa,Sul
43,68,8801.56,3,975.03,Media,Sul
44,24,8125.8,10,1761.01,Alta,Nordeste
45,38,7810.97,14,3496.85,Alta,Nordeste
46,26,4176.37,6,1984.72,Media,Sudeste
47,56,3610.77,3,660.25,Baixa,Centro-Oeste
48,35,6846.18,16,5149.63,Alta,Centro-Oeste
49,21,8540.94,7,1092.87,Media,Sul
50,42,6118.96,14,3171.48,Alta,Nordeste
51,31,6215.48,9,2585.54,,Centro-Oeste
52,5,4319.86,15,4620.34,Baixa,Norte
53,26,7501.7,3,882.78,,Centro-Oeste
54,43,3715.78,2,648.88,Baixa,Sul
55,19,4603.92,2,303.04,Media,Centro-Oeste
56,37,5265.34,3,525.71,Baixa,Sudeste
57,45,5799.47,18,6610.25,Baixa,Nordeste
58,64,4075.66,14,4486.12,Media,Sul
59,24,3246.44,18,3208.19,Baixa,Sul
60,61,6469.03,10,3605.19,Alta,Nordeste
61,25,4376.1,2,421.12,Media,Nordeste
62,64,6278.05,1,269.56,Media,Nordeste
63,52,3503.36,4,745.2,Media,Sul
64,31,5627.41,14,4585.39,,Nordeste
65,34,5961.83,1,316.71,,Nordeste
66,53,2836.85,14,2838.89,Baixa,Sul
67,67,4687.93,16,5853.6,Media,Sul
68,57,3373.7,14,3504.57,Baixa,Sudeste
69,21,2911.94,3,669.39,Alta,Centro-Oeste
70,19,8934.74,3,564.25,Media,Norte
71,23,4595.3,9,1948.88,Alta,Sul
72,59,7764.18,6,933.04,Baixa,Norte
73,21,4155.16,13,3845.59,,Sudeste
74,46,6929.77,2,721.12,Baixa,Centro-Oeste
75,35,7441.48,8,2297.96,Alta,Centro-Oeste
76,43,6371.65,2,409.64,Media,Centro-Oeste
77,61,5565.25,4,633.67,Baixa,Sudeste
78,51,5176.97,15,3054.86,Media,Nordeste
79,27,4767.64,4,1016.12,,Centro-Oeste
80,53,8541.94,13,4418.74,,Centro-Oeste
81,31,7899.03,12,2363.53,,Sudeste
82,48,8772.67,13,4289.32,Media,Nordeste
83,65,3307.93,14,5134.27,Baixa,Centro-Oeste
84,32,7250.64,18,4742.76,Media,Centro-Oeste
85,25,8599.21,6,2132.15,Media,Nordeste
86,31,3678.01,11,3175.31,Baixa,Sul
87,40,2932.23,2,618.55,,Sul
88,57,7317.28,19,5349.82,,Centro-Oeste
89,38,6234.08,19,5050.07,Baixa,Norte
90,33,7971.89,5,1043.32,Media,Nordeste
91,62,3408.52,19,4290.17,Media,Nordeste
92,35,7669.24,2,444.99,,Norte
93,64,3810.58,10,2908.22,Alta,Nordeste
94,41,3563.76,2,359.98,Alta,Sudeste
95,43,3567.73,11,4171.18,Alta,Nordeste
96,42,7794.74,18,5942.95,Media,Nordeste
97,62,6823.78,15,3755.42,Media,Nordeste
98,58,5899.93,9,1706.9,,Sul
99,46,4832.4,19,7039.46,Alta,Sudeste
100,32,8201.8,9,3203.5,,Nordeste
101,62,5050.89,3,991.29,,Sudeste
102,18,7807.9,9,1960.98,,Sudeste
103,42,5354.38,14,3508.56,Baixa,Sudeste
104,24,4950.14,19,3338.05,Alta,Norte
105,26,5507.42,7,1380.82,Alta,Nordeste
106,41,4458.96,16,5532.07,Baixa,Sul
107,18,7359.46,16,5260.15,Baixa,Sul
108,61,5767.68,1,298.37,Alta,Sul
109,25,4009.38,4,1495.73,Baixa,Sul
110,41,8347.23,4,1183.27,,Nordeste
111,28,4995.29,7,1867.19,Media,Sul
112,68,50000.0,8,1880.74,,Sudeste
113,34,8392.07,17,6546.91,Alta,Norte
114,25,6557.55,5,853.39,Baixa,Centro-Oeste
115,52,3259.84,7,2679.05,Media,Sul
116,52,8608.91,4,1426.71,Alta,Centro-Oeste
117,50,6580.1,6,1094.89,Baixa,Centro-Oeste
118,22,4676.89,7,2038.72,Media,Centro-Oeste
119,59,3405.27,18,6599.47,Media,Sudeste
120,56,7661.16,5,1464.76,Baixa,Sul
121,58,6530.47,3,1130.4,Media,Nordeste
122,45,5967.5,7,2700.22,Alta,Sudeste
123,24,8310.3,14,3578.35,Baixa,Nordeste
124,26,7625.88,7,1710.3,,Sul
125,25,3485.89,5,1920.4,Alta,Sudeste
126,29,4526.19,5,1593.93,Alta,Centro-Oeste
127,51,4115.18,2,358.01,Baixa,Sudeste
128,50,7335.65,6,963.44,Baixa,Sudeste
129,65,2717.96,15,4367.36,Media,Sul
130,40,6204.28,10,3825.43,Alta,Centro-Oeste
131,41,7455.98,7,2527.44,Media,Centro-Oeste
132,54,8198.98,5,1594.81,Alta,Norte
133,52,4723.53,1,184.78,Alta,Norte
134,61,7838.17,13,2776.25,,Nordeste
135,57,3219.11,18,6639.8,Alta,Norte
136,39,8001.94,13,2544.12,Media,Sul
137,44,3328.68,18,3952.98,Media,Sudeste
138,52,5082.37,5,912.0,,Centro-Oeste
139,18,7682.42,13,4147.35,Media,Sudeste
140,52,3474.46,4,1543.98,Baixa,Sul
141,54,-5000.0,17,3693.11,,Sudeste
142,64,7194.64,3,806.55,Media,Centro-Oeste
143,31,7180.24,17,5245.94,Media,Norte
144,20,6667.46,11,4398.53,Baixa,Nordeste
145,18,7010.66,4,704.81,,Centro-Oeste
146,22,6027.71,2,549.29,Baixa,Centro-Oeste
147,43,4136.69,16,3940.48,,Centro-Oeste
148,31,4747.02,18,6596.19,,Centro-Oeste
149,56,3680.39,8,2151.94,Alta,Sul
150,44,8404.93,3,533.23,Media,Centro-Oeste
151,26,6292.05,9,2777.45,Media,Sudeste
152,32,5105.53,6,2056.17,Alta,Sul
153,32,5503.04,10,1507.2,Baixa,Norte
154,43,8657.34,10,3647.39,Alta,Sudeste
155,59,3496.78,13,2554.57,Media,Sudeste
156,30,6310.49,17,4896.29,Media,Sudeste
157,68,5788.28,9,2285.54,Alta,Sudeste
158,49,6474.45,17,5608.53,Alta,Sul
159,56,2617.72,9,2185.11,Alta,Norte
160,66,8168.81,9,3306.97,Media,Norte
161,69,8558.77,1,332.62,Alta,Centro-Oeste
162,49,6173.37,2,623.86,Alta,Nordeste
163,21,7028.23,16,5584.96,Baixa,Sul
164,47,8496.25,1,338.51,Alta,Norte
165,54,7097.05,10,1589.85,Media,Sul
166,40,3491.5,18,4476.3,Baixa,Sul
167,56,6245.87,8,3061.61,,Centro-Oeste
168,62,6443.65,11,1995.74,Media,Norte
169,32,5256.85,2,668.55,Media,Nordeste
170,60,7286.89,8,3149.18,,Nordeste
171,46,8573.39,8,1304.4,Media,Nordeste
172,53,8516.2,17,5449.32,,Sudeste
173,30,5430.46,15,4005.58,,Norte
174,49,3236.05,17,5011.49,Media,Sudeste
175,24,8901.47,13,2227.36,Alta,Sudeste
176,68,7952.84,19,3054.28,Alta,Sudeste
177,39,3310.31,5,1583.58,,Centro-Oeste
178,45,8485.47,12,4269.93,Baixa,Centro-Oeste
179,19,8154.33,1,345.5,,Sul
180,59,5872.45,5,1429.76,,Sul
181,62,6343.29,8,1399.73,,Norte
182,23,5093.52,13,4186.14,Alta,Norte
183,45,2855.95,8,1683.78,Alta,Centro-Oeste
184,45,4678.78,11,4155.44,Alta,Sul
185,61,7718.55,1,359.57,,Sul
186,61,2530.11,13,4255.49,Baixa,Sudeste
187,37,4667.74,19,7357.02,Alta,Nordeste
188,47,5088.1,3,473.57,Media,Nordeste
189,28,5993.07,17,5678.85,Media,Nordeste
190,45,8479.06,5,1162.8,Media,Centro-Oeste
191,42,4751.25,8,3012.13,,Nordeste
192,56,4755.2,14,3033.36,Media,Nordeste
193,50,7293.76,4,1324.86,,Sudeste
194,18,5439.42,11,4063.53,Media,Norte
195,44,3959.93,15,2406.21,Baixa,Centro-Oeste
196,69,5440.86,19,4738.83,,Sul
197,30,3415.57,7,2384.04,Media,Sudeste
198,58,3646.52,19,5010.86,Alta,Nordeste
199,20,5739.39,19,4119.45,,Sul
200,56,5223.02,11,2254.46,Alta,Sudeste
201,23,8446.5,5,914.4,Alta,Centro-Oeste
202,25,4855.56,5,1821.41,Alta,Nordeste
203,44,6273.82,8,2350.71,Alta,Centro-Oeste
204,26,6609.72,10,1690.96,Media,Sudeste
205,54,2585.11,6,1473.87,Media,Sul
206,50,6812.99,15,3629.0,,Norte
207,68,3657.23,16,3126.96,,Nordeste
208,59,8746.96,17,4400.91,,Centro-Oeste
209,61,3466.31,8,1864.2,Media,Sul
210,41,5195.06,8,1883.61,,Sul
211,32,3054.77,9,3012.81,Alta,Norte
212,49,8979.68,2,411.63,Media,Sudeste
213,49,5764.27,15,4656.97,,Norte
214,41,6370.0,18,5267.92,Alta,Norte
215,58,2936.0,3,876.07,,Sudeste
216,69,7374.74,17,5367.78,Baixa,Sudeste
217,66,3864.39,4,1148.38,,Sudeste
218,66,8337.35,4,1479.26,Baixa,Sul
219,69,3833.41,14,4464.53,,Sul
220,29,3739.47,9,2580.67,,Nordeste
221,56,2737.57,9,3216.97,Media,Nordeste
222,19,5568.44,18,5427.66,Media,Norte
223,20,6171.47,10,2227.86,Baixa,Norte
224,66,2927.11,4,807.09,Media,Nordeste
225,54,7540.93,12,2256.98,Alta,Centro-Oeste
226,66,5446.38,8,2998.91,Alta,Norte
227,34,5908.54,2,655.07,Baixa,Centro-Oeste
228,66,5364.96,13,4996.48,Alta,Centro-Oeste
229,19,5104.96,16,4813.17,Alta,Sudeste
230,19,6137.66,2,536.7,,Sul
231,45,3509.06,11,1814.22,Media,Nordeste
232,40,3682.53,0,3179.11,Alta,Sul
233,54,8101.61,15,4433.28,Alta,Nordeste
234,49,8649.75,17,6758.39,Media,Sul
235,50,4926.51,8,1678.32,Alta,Nordeste
236,18,4259.84,18,5088.32,Alta,Sul
237,36,6686.0,9,2814.65,Media,Sudeste
238,19,5156.77,8,2489.18,,Centro-Oeste
239,61,2665.01,14,4064.53,Alta,Nordeste
240,43,3514.99,18,6196.18,Media,Centro-Oeste
241,49,7153.82,12,2414.94,Alta,Nordeste
242,23,6783.01,19,6296.73,Alta,Nordeste
243,49,2676.12,14,4269.07,,Sudeste
244,21,3942.82,17,6358.32,Baixa,Sul
245,28,4001.99,3,1085.4,Baixa,Nordeste
246,5,6867.3,7,1601.51,Media,Sul
247,55,2628.12,17,3724.01,Baixa,Sudeste
248,41,3176.71,12,4744.96,Media,Norte
249,22,100000.0,9,2536.35,Baixa,Centro-Oeste
250,69,3660.54,15,5649.08,,Nordeste
251,51,6742.85,18,3437.46,Media,Sudeste
252,23,4048.19,13,4039.16,Baixa,Sul
253,39,3146.37,8,2819.72,,Nordeste
254,28,4080.62,14,5415.88,Baixa,Sul
255,65,7194.74,8,1874.68,Alta,Norte
256,33,8062.03,14,4637.43,Alta,Nordeste
257,50,7896.43,7,1992.92,,Centro-Oeste
258,26,5081.69,12,1981.89,Alta,Nordeste
259,23,6842.55,11,3547.5,Alta,Centro-Oeste
260,33,3832.4,11,3547.77,Media,Sul
261,46,4405.46,13,4974.47,Baixa,Nordeste
262,20,8326.18,18,4937.91,Media,Sudeste
263,37,2584.51,2,415.13,Baixa,Sudeste
264,53,3055.81,15,2417.11,Alta,Norte
265,36,3851.26,18,4570.39,Media,Sudeste
266,43,2672.46,15,3382.19,Baixa,Norte
267,20,3679.33,19,6465.17,Baixa,Sul
268,36,6289.77,12,2862.8,Media,Centro-Oeste
269,37,5239.26,13,5034.48,,Sul
270,49,8302.37,11,4296.35,Baixa,Centro-Oeste
271,24,7813.38,5,1526.14,Alta,Centro-Oeste
272,69,4721.81,1,382.17,Baixa,Norte
273,58,4186.25,3,1020.64,Alta,Sudeste
274,50,4968.0,19,5447.58,Media,Sudeste
275,57,6336.92,7,1365.54,Baixa,Norte
276,56,4242.41,12,3175.79,Alta,Norte
277,35,6556.97,15,4353.28,Alta,Sul
278,57,5161.18,5,1829.95,Media,Norte
279,18,6088.31,15,-1000.0,Baixa,Sudeste
280,28,5334.82,8,2995.35,Baixa,Norte
281,45,4414.03,10,3185.87,Media,Norte
282,42,8664.95,16,2948.0,Baixa,Centro-Oeste
283,67,7463.44,8,3189.96,Media,Norte
284,40,3410.74,1,281.81,Baixa,Sul
285,48,8145.04,12,2975.57,,Norte
286,47,5668.3,5,1573.89,Baixa,Nordeste
287,59,8314.59,3,531.67,Alta,Nordeste
288,52,7699.06,1,309.13,Alta,Centro-Oeste
289,24,5263.89,4,1098.24,,Centro-Oeste
290,33,2646.05,8,2013.35,Baixa,Nordeste
291,43,4246.4,3,1164.77,Alta,Centro-Oeste
292,65,6020.62,10,2806.35,Alta,Centro-Oeste
293,69,6617.61,2,409.56,Baixa,Sudeste
294,66,4176.27,11,2912.15,Media,Sudeste
295,19,3405.81,10,3798.47,Baixa,Norte
296,18,7927.05,14,2716.33,Media,Nordeste
297,65,8898.61,7,1424.42,,Sul
298,29,5916.99,2,306.51,,Nordeste
299,22,3615.92,9,1381.93,Alta,Nordeste
300,54,4270.0,16,5717.57,Alta,Sudeste
301,49,2619.54,13,4329.4,Alta,Sudeste
302,26,8442.94,9,2148.84,Media,Centro-Oeste
303,58,3265.38,4,1298.31,Alta,Sul
304,52,6247.36,10,2488.01,Baixa,Sudeste
305,36,4281.36,12,4658.69,Media,Centro-Oeste
306,65,6102.16,17,6659.97,,Sul
307,33,6734.23,14,3474.78,Media,Sudeste
308,20,7893.32,14,5089.78,Alta,Nordeste
309,37,3841.74,2,686.54,Baixa,Nordeste
310,41,2571.47,11,2502.5,Baixa,Sul
311,50,3389.76,16,3328.16,Alta,Sul
312,41,8350.12,19,5026.61,Baixa,Sudeste
313,69,8180.29,6,2072.02,Media,Sudeste
314,28,6383.19,19,7410.8,Media,Sul
315,66,6403.36,5,1704.47,Alta,Sul
316,25,6822.74,4,1455.21,Baixa,Centro-Oeste
317,53,3639.91,15,4511.49,,Centro-Oeste
318,55,8443.68,4,1435.41,Media,Centro-Oeste
319,57,5222.01,10,3461.05,Media,Nordeste
320,37,4990.4,3,732.74,Media,Nordeste
321,52,5872.97,5,1439.99,Media,Centro-Oeste
322,65,2805.28,6,2107.13,,Centro-Oeste
323,42,3580.84,8,1292.11,Alta,Sul
324,52,7297.22,7,2464.14,Media,Nordeste
325,42,3038.19,10,1944.72,Baixa,Centro-Oeste
326,46,6420.49,6,1672.03,,Norte
327,35,4094.77,14,4928.96,Media,Sudeste
328,63,5030.42,4,853.82,Baixa,Centro-Oeste
329,35,4376.51,13,2748.87,Media,Nordeste
330,19,4811.87,17,4261.75,Alta,Centro-Oeste
331,52,7173.8,7,2615.62,,Norte
332,33,4431.29,4,600.44,Alta,Sul
333,58,6181.63,14,5254.84,,Nordeste
334,53,5594.33,3,565.36,Media,Sul
335,50,6813.86,5,1987.61,Media,Sudeste
336,21,8589.39,16,6219.39,,Sul
337,50,7261.72,4,1094.68,Baixa,Centro-Oeste
338,31,3897.11,2,556.36,Baixa,Norte
339,38,2702.69,18,4866.97,Media,Sul
340,65,4204.72,19,5868.36,Media,Norte
341,37,6368.01,19,3280.93,Alta,Nordeste
342,25,2834.27,17,2688.63,Media,Nordeste
343,24,5726.38,14,2301.96,,Centro-Oeste
344,20,6379.48,19,4960.74,Baixa,Centro-Oeste
345,34,4672.59,13,2845.53,Baixa,Centro-Oeste
346,50,7510.93,12,3666.12,Alta,Norte
347,65,3192.89,6,2388.66,Baixa,Sudeste
348,29,2988.4,4,986.32,Baixa,Sudeste
349,68,7233.23,19,5575.75,,Sudeste
350,39,5720.69,16,4062.42,Baixa,Nordeste
351,39,6974.62,13,4703.63,Alta,Nordeste
352,63,5326.38,4,1502.24,Alta,Sudeste
353,47,4101.61,17,6278.76,Baixa,Centro-Oeste
354,55,7824.17,1,393.59,Media,Sul
355,55,7696.2,18,2823.84,Baixa,Sudeste
356,62,7015.53,17,6119.22,Alta,Sul
357,68,4268.94,15,5069.15,Alta,Sudeste
358,25,6336.5,11,2278.91,,Sul
359,44,4846.33,13,5058.04,Baixa,Centro-Oeste
360,44,3095.28,1,187.04,Baixa,Nordeste
361,51,8462.54,17,5438.09,,Sudeste
362,38,3389.32,6,1237.34,Alta,Sudeste
363,47,8676.54,4,1031.38,,Centro-Oeste
364,50,5399.04,16,5276.64,Media,Norte
365,45,3703.36,15,4362.47,Baixa,Sudeste
366,64,6022.36,15,3853.13,Alta,Sul
367,50,8174.15,6,1389.51,,Centro-Oeste
368,22,7259.46,15,5398.72,Alta,Norte
369,65,7742.65,14,2603.35,Media,Sudeste
370,36,6782.09,11,2832.78,Baixa,Sudeste
371,21,6999.8,7,2631.58,,Nordeste
372,52,8019.77,9,3253.16,Alta,Norte
373,66,4122.84,16,4003.77,Baixa,Centro-Oeste
374,34,5681.26,5,1703.89,Baixa,Sul
375,61,3937.86,10,3557.9,Alta,Sudeste
376,45,8919.84,18,6699.99,Baixa,Centro-Oeste
377,47,8636.39,3,858.38,Baixa,Nordeste
378,46,2756.27,13,2614.5,,Sudeste
379,63,7086.24,11,2352.1,Baixa,Norte
380,23,8514.11,17,3806.7,,Centro-Oeste
381,52,3673.74,13,3879.86,Baixa,Sul
382,58,6191.64,6,949.21,Media,Nordeste
383,54,8450.67,17,5253.18,Media,Centro-Oeste
384,41,2720.65,13,3134.15,,Sudeste
385,46,7033.23,19,4252.4,,Sul
386,66,4432.77,19,7027.61,Media,Sudeste
387,63,8508.58,10,2650.01,Baixa,Sudeste
388,48,8811.88,3,521.29,,Norte
389,52,8637.73,14,4993.61,Alta,Norte
390,50,5582.39,19,3076.3,Baixa,Sudeste
391,69,8103.28,5,1658.44,Baixa,Nordeste
392,38,7989.57,5,1717.38,Media,Norte
393,49,4574.15,17,4048.56,,Norte
394,40,7887.95,10,3561.97,Baixa,Norte
395,50,2740.55,5,1394.57,,Norte
396,20,6375.75,4,1063.29,,Sul
397,35,3995.06,6,968.1,,Sudeste
398,42,3283.68,4,890.03,Media,Sul
399,59,3000.2,7,2679.27,,Centro-Oeste
400,48,7025.88,7,1735.69,Media,Centro-Oeste
401,20,4709.19,18,5160.15,Alta,Centro-Oeste
402,57,7210.98,3,849.02,Baixa,Sul
403,63,2924.82,1,297.61,Baixa,Sudeste
404,41,4549.39,4,661.33,Alta,Centro-Oeste
405,67,6006.69,6,1443.26,Media,Norte
406,49,7639.7,9,2977.04,Baixa,Centro-Oeste
407,64,4571.89,14,2801.96,Media,Nordeste
408,39,6568.29,12,2410.74,Media,Norte
409,40,8258.86,4,610.09,Media,Norte
410,19,6503.11,12,3112.45,Alta,Norte
411,44,4014.24,10,3706.84,Alta,Centro-Oeste
412,59,2658.61,7,1140.83,Media,Norte
413,19,8155.64,3,593.34,,Nordeste
414,43,2638.25,14,3185.3,Alta,Sul
415,34,8185.56,10,3329.31,,Nordeste
416,57,5938.09,16,4962.54,,Sudeste
417,50,8603.94,16,4063.78,Media,Norte
418,26,7692.09,10,3397.67,,Nordeste
419,60,8986.57,13,3931.3,,Centro-Oeste
420,65,4779.63,6,2244.06,,Sudeste
421,56,7486.72,12,4254.08,Media,Nordeste
422,46,5112.55,9,1918.83,Media,Norte
423,59,5619.19,13,2832.18,Alta,Centro-Oeste
424,43,6578.79,4,725.36,Alta,Norte
425,52,8178.9,11,2576.65,,Sudeste
426,67,8896.54,18,7197.95,Media,Nordeste
427,42,7493.78,11,2765.82,Media,Norte
428,41,5215.48,4,820.49,,Sudeste
429,30,5238.82,18,6131.17,Alta,Centro-Oeste
430,24,7294.28,1,285.62,Media,Nordeste
431,53,4052.05,7,1311.8,Alta,Nordeste
432,62,3218.08,6,1471.03,,Sudeste
433,37,4805.04,15,3804.26,Media,Nordeste
434,18,4367.05,18,6092.23,,Centro-Oeste
435,25,4426.0,11,1706.85,Baixa,Centro-Oeste
436,63,4018.45,15,3258.82,,Nordeste
437,33,2773.61,16,4470.39,,Norte
438,31,2616.18,7,1520.48,,Norte
439,29,8920.2,10,3071.09,Media,Centro-Oeste
440,68,5280.53,12,3245.6,,Norte
441,40,4998.12,14,3365.99,,Sudeste
442,32,6917.71,5,1936.51,Baixa,Sul
443,45,3918.65,18,5544.72,Media,Nordeste
444,51,8674.75,5,912.43,Baixa,Sudeste
445,19,7611.24,3,870.07,,Centro-Oeste
446,49,3081.17,5,1725.91,Media,Sul
447,40,5214.28,17,5561.08,Baixa,Centro-Oeste
448,39,8214.27,19,3667.42,,Sul
449,68,8640.76,19,7468.99,Alta,Sudeste
450,42,5538.11,12,3146.44,Baixa,Sul
451,39,6487.17,9,1707.81,Media,Norte
452,39,3585.72,1,195.05,Baixa,Sudeste
453,66,8942.6,18,3142.06,Baixa,Nordeste
454,69,4005.87,4,1403.52,Baixa,Centro-Oeste
455,59,8627.76,10,1805.08,Alta,Norte
456,23,6722.7,7,1268.97,Media,Nordeste
457,32,6450.29,1,362.62,Media,Sul
458,60,5832.48,17,4014.57,Media,Norte
459,54,3999.35,2,315.43,,Nordeste
460,50,3647.43,11,1792.71,Media,Sudeste
461,25,3933.16,9,1669.88,Media,Sul
462,61,3711.85,7,1423.44,Alta,Nordeste
463,61,7567.3,17,5376.87,,Sul
464,22,4775.81,17,3218.64,,Nordeste
465,56,2875.98,2,359.44,Baixa,Centro-Oeste
466,21,8799.17,6,2047.08,,Sudeste
467,23,8244.61,14,4448.69,,Norte
468,62,8530.39,6,1552.99,Alta,Nordeste
469,49,8966.9,2,574.65,Media,Sul
470,69,3630.32,1,228.0,,Sudeste
471,47,5075.57,10,2706.25,,Norte
472,64,7428.55,5,1383.34,Alta,Sul
473,52,7024.13,2,493.62,,Sudeste
474,57,3500.32,16,6026.29,,Sul
475,69,7802.92,2,308.03,Alta,Sudeste
476,33,3958.86,10,3455.43,Baixa,Norte
477,30,3954.81,2,362.19,Baixa,Norte
478,67,5990.33,16,5590.19,,Sul
479,59,6354.11,16,4863.65,,Sudeste
480,47,6270.56,19,6855.57,Media,Nordeste
481,36,3094.66,7,1220.65,,Norte
482,34,8203.5,12,3476.94,Media,Nordeste
483,36,4226.4,15,4129.08,Baixa,Nordeste
484,45,3341.85,8,2612.39,,Centro-Oeste
485,43,8276.86,6,1701.44,,Sul
486,54,8711.73,10,2851.84,Alta,Sul
487,43,8103.83,3,772.2,,Sul
488,40,7761.85,19,4316.96,Baixa,Sudeste
489,26,6759.07,17,4599.62,,Norte
490,29,6080.57,7,1257.36,Media,Norte
491,18,3065.41,4,1561.51,,Centro-Oeste
492,18,5154.95,14,4600.44,Media,Centro-Oeste
493,64,4922.48,15,5821.75,Alta,Centro-Oeste
494,51,4188.4,8,1653.45,,Nordeste
495,49,7202.23,15,5547.53,Alta,Sul
496,65,5723.19,14,4930.76,Alta,Sudeste
497,42,3026.8,9,2873.59,,Norte
498,57,3931.19,8,2450.06,Media,Sudeste
499,62,6941.18,17,3895.34,,Sul
500,18,2994.85,2,708.21,Media,Sul
501,33,8032.84,3,826.14,Alta,Norte
502,56,5718.45,8,1341.78,Baixa,Nordeste
503,22,5623.81,12,2738.59,,Centro-Oeste
504,39,6350.65,1,383.82,Baixa,Nordeste
505,46,7860.43,10,3626.7,Media,Sul
506,20,4760.76,3,1186.43,,Sul
507,29,6907.1,6,1841.99,Baixa,Nordeste
508,43,6177.26,7,1483.14,Baixa,Centro-Oeste
509,33,4235.68,18,3432.67,,Centro-Oeste
510,68,8211.09,11,2164.01,Baixa,Sul
511,54,7683.27,19,2944.03,,Centro-Oeste
512,39,6779.94,5,1238.35,Baixa,Centro-Oeste
513,46,8028.78,19,3759.28,Alta,Norte
514,31,8137.41,11,2782.05,,Norte
515,45,7104.36,12,4604.98,Alta,Sudeste
516,22,7940.59,10,2576.35,Alta,Nordeste
517,64,7033.56,8,2955.97,Baixa,Sul
518,66,6920.92,9,2712.39,Media,Centro-Oeste
519,47,6520.97,4,847.13,Alta,Sudeste
520,63,7392.66,5,1194.82,Alta,Norte
521,69,3530.93,8,1367.84,Alta,Centro-Oeste
522,22,8225.66,9,2100.29,Media,Nordeste
523,29,8166.98,15,4790.78,Media,Norte
524,33,2690.11,15,2520.42,Alta,Sul
525,43,7867.81,16,3221.61,Media,Centro-Oeste
526,43,3337.65,14,3435.04,Media,Sudeste
527,65,4678.27,8,3164.1,Media,Sul
528,38,7332.8,18,6231.88,,Centro-Oeste
529,56,3544.94,10,3333.72,Alta,Centro-Oeste
530,53,7816.79,6,1074.29,Media,Centro-Oeste
531,50,7908.87,12,4142.99,,Centro-Oeste
532,47,5798.54,2,692.63,Baixa,Centro-Oeste
533,54,2541.51,7,2101.93,Baixa,Sul
534,40,4365.75,16,6361.45,Media,Nordeste
535,27,6510.02,3,693.94,Alta,Nordeste
536,22,8877.71,13,5009.14,Media,Sul
537,53,6606.79,3,1136.05,Baixa,Nordeste
538,51,4188.72,18,2751.66,Alta,Sudeste
539,69,6621.04,11,2887.82,Alta,Sudeste
540,48,6009.9,8,3154.21,Baixa,Sul
541,27,7569.0,6,1054.68,,Sudeste
542,36,3195.37,1,286.95,,Sul
543,49,7446.68,1,394.74,Media,Sudeste
544,18,6018.23,8,-1000.0,Alta,Norte
545,22,8759.45,5,987.27,Media,Sul
546,62,4722.17,16,4728.73,Alta,Centro-Oeste
547,21,6612.04,11,2212.21,Baixa,Sudeste
548,33,8558.18,5,1399.63,Alta,Norte
549,41,3166.31,4,674.04,Alta,Sul
550,33,8591.99,6,1808.22,Baixa,Sudeste
551,19,6971.26,14,3908.76,,Centro-Oeste
552,66,2940.94,19,6365.77,Baixa,Sudeste
553,45,4456.26,9,2769.08,Alta,Norte
554,49,7103.12,12,3448.82,Baixa,Nordeste
555,44,2937.78,11,3546.89,Alta,Nordeste
556,37,6284.11,14,2603.8,,Norte
557,41,4748.24,16,4781.44,,Norte
558,29,6535.95,1,193.03,Alta,Sul
559,67,2797.32,13,4957.95,,Nordeste
560,52,8164.99,13,2172.09,Baixa,Sul
561,50,8827.68,2,515.19,,Sudeste
562,50,8797.71,4,1295.8,Media,Norte
563,68,7372.74,6,1587.03,,Sul
564,60,3345.56,5,865.12,Media,Norte
565,54,7428.71,3,865.03,Baixa,Sul
566,29,2659.81,1,310.41,,Sudeste
567,20,2643.8,4,1303.79,,Sudeste
568,18,4603.47,2,486.63,,Centro-Oeste
569,50,5676.18,5,1454.57,Baixa,Nordeste
570,57,7507.65,3,788.01,Baixa,Centro-Oeste
571,27,6941.42,9,2862.13,Media,Nordeste
572,60,5398.37,6,1775.34,Alta,Sudeste
573,61,4278.57,18,5065.9,Baixa,Sul
574,46,8981.31,6,1274.29,,Norte
575,30,5270.18,19,2859.59,Media,Sudeste
576,120,5434.02,12,2322.25,,Sudeste
577,48,3563.55,11,1971.93,,Sul
578,63,7666.26,2,524.54,Baixa,Sudeste
579,19,7008.93,15,4545.97,Alta,Sudeste
580,68,3935.0,12,2439.26,,Sul
581,67,3035.48,12,4617.17,Baixa,Sudeste
582,52,6923.25,9,1365.03,Media,Nordeste
583,40,6754.32,2,686.15,,Nordeste
584,34,4276.19,3,918.9,Media,Nordeste
585,43,8680.61,12,2920.66,Baixa,Nordeste
586,25,3481.88,16,2601.96,Baixa,Sudeste
587,46,5310.18,1,306.87,Baixa,Norte
588,43,8633.5,3,739.21,Baixa,Nordeste
589,27,5228.23,2,768.13,Baixa,Nordeste
590,43,6650.42,9,2569.48,Alta,Sudeste
591,51,5084.36,19,7313.34,Media,Centro-Oeste
592,68,4282.4,15,3076.81,Alta,Sudeste
593,58,8895.85,18,5965.77,Media,Sul
594,24,5160.67,11,3347.43,,Nordeste
595,21,8311.64,16,5357.63,,Sul
596,67,3994.7,17,3462.34,Media,Nordeste
597,62,3885.18,5,1581.24,,Centro-Oeste
598,28,2702.37,12,3294.12,,Norte
599,46,6735.83,11,3692.77,,Centro-Oeste
600,53,4895.42,15,3476.42,Alta,Sudeste
601,42,8118.33,100,1117.54,Alta,Sudeste
602,38,5575.86,1,171.08,Baixa,Sul
603,53,8793.26,16,5628.76,Media,Sul
604,27,3705.92,2,730.66,,Sudeste
605,54,8146.05,2,708.63,Media,Sudeste
606,26,7547.88,3,834.54,Baixa,Sudeste
607,41,7510.99,8,2076.77,Baixa,Nordeste
608,52,7991.09,15,5985.98,,Centro-Oeste
609,66,7446.66,7,1451.05,Baixa,Nordeste
610,52,6570.43,6,1720.31,,Norte
611,65,3353.09,9,2859.02,Baixa,Nordeste
612,53,2711.42,1,325.22,Baixa,Sudeste
613,35,8485.51,8,1608.05,,Nordeste
614,66,6508.23,3,940.5,Baixa,Sul
615,56,7677.49,4,1418.37,Baixa,Sudeste
616,49,5629.9,15,2437.57,Baixa,Centro-Oeste
617,41,3262.5,6,2267.28,Media,Nordeste
618,40,3313.71,15,2360.64,Alta,Sudeste
619,49,6956.17,3,716.98,Media,Sul
620,54,5296.99,14,2155.35,Baixa,Sul
621,29,3803.41,14,2370.01,Alta,Nordeste
622,66,5695.36,4,1511.17,Media,Sudeste
623,30,2917.36,12,2864.58,Media,Centro-Oeste
624,40,6282.81,17,4355.28,Media,Norte
625,42,4248.46,7,1426.85,,Sul
626,52,7684.13,9,2693.47,Baixa,Norte
627,58,4517.35,3,896.1,Baixa,Centro-Oeste
628,47,5458.93,13,3159.65,Alta,Nordeste
629,34,2575.53,15,3498.88,Media,Sul
630,66,2970.9,18,6682.34,Baixa,Norte
631,37,5051.21,19,50000.0,Media,Sul
632,65,5619.6,1,273.38,Baixa,Norte
633,42,6400.13,6,1324.96,Media,Sudeste
634,39,4395.81,2,693.38,Baixa,Sudeste
635,30,7017.38,14,3491.07,Alta,Nordeste
636,36,8090.8,6,1670.42,Media,Centro-Oeste
637,66,7569.03,14,2986.75,Baixa,Sul
638,53,2757.52,4,1587.66,Alta,Centro-Oeste
639,29,5623.3,8,1782.99,Alta,Norte
640,58,3182.05,3,1028.06,Baixa,Nordeste
641,36,4073.29,19,4880.6,Media,Sudeste
642,29,8913.31,14,2821.76,,Sudeste
643,26,3426.22,17,5948.8,Alta,Nordeste
644,24,5742.77,8,1867.21,Alta,Sul
645,45,6518.01,14,5128.18,Baixa,Centro-Oeste
646,31,7066.02,6,2272.89,,Norte
647,48,6137.72,16,5839.3,,Centro-Oeste
648,69,2563.51,19,3016.29,,Sudeste
649,36,4622.0,14,4855.81,Baixa,Nordeste
650,64,5865.13,19,4803.86,Media,Sudeste
651,33,3071.13,3,1105.29,Alta,Sudeste
652,22,4779.08,10,3094.89,Baixa,Norte
653,52,2715.82,19,6809.8,,Sul
654,120,3010.76,9,2473.72,Alta,Sul
655,42,5080.0,13,3688.83,Alta,Norte
656,69,3362.65,7,1302.68,,Nordeste
657,38,6189.02,14,4843.96,,Centro-Oeste
658,53,6981.52,9,2293.63,Alta,Nordeste
659,40,7703.81,19,5225.38,Alta,Centro-Oeste
660,33,3800.98,15,5194.12,Media,Sul
661,56,3588.64,14,4195.96,Media,Sudeste
662,62,3179.69,6,1201.65,Baixa,Sudeste
663,59,6636.8,4,1190.23,Alta,Nordeste
664,56,7092.09,8,2015.27,Media,Norte
665,31,2705.31,17,4545.48,Alta,Centro-Oeste
666,48,8585.38,9,1413.7,,Sudeste
667,22,2837.81,1,202.51,Media,Nordeste
668,52,6018.43,14,3083.63,,Norte
669,40,7108.89,11,3610.64,,Sul
670,46,8161.3,3,458.62,,Norte
671,60,7141.57,9,2269.75,Baixa,Sul
672,28,7711.23,14,5334.09,,Nordeste
673,35,4706.43,9,1601.73,Baixa,Norte
674,64,7796.36,4,1116.42,Alta,Nordeste
675,29,3020.75,4,1386.52,Alta,Sul
676,26,8316.31,8,3085.06,Media,Sudeste
677,27,6059.35,2,673.39,Media,Sudeste
678,61,7812.44,9,2971.27,Baixa,Sul
679,34,5440.07,14,4992.71,Alta,Centro-Oeste
680,55,6683.26,9,2353.95,Media,Centro-Oeste
681,24,5921.62,16,5623.38,Media,Sudeste
682,63,7255.33,17,2583.85,Media,Sudeste
683,30,3030.59,16,6098.24,Alta,Norte
684,57,2892.29,12,3129.92,Media,Norte
685,59,4106.17,3,865.04,Alta,Sudeste
686,26,3537.04,11,-1000.0,,Centro-Oeste
687,67,8166.59,14,4698.86,,Norte
688,44,3924.89,18,3044.86,,Sul
689,19,8843.12,5,1840.79,Baixa,Norte
690,22,4689.82,16,5712.47,Alta,Norte
691,46,3683.77,5,1020.08,Media,Norte
692,54,7633.04,3,1056.99,Baixa,Nordeste
693,55,6781.6,12,4159.07,Baixa,Sul
694,36,5738.27,1,308.05,,Sudeste
695,25,6109.86,9,2190.42,Alta,Centro-Oeste
696,65,7174.81,9,1960.87,Media,Centro-Oeste
697,62,3984.96,4,831.78,Baixa,Sudeste
698,18,8976.17,3,688.96,Media,Nordeste
699,39,8836.16,17,6390.12,,Centro-Oeste
700,69,6727.12,2,338.82,Alta,Norte
701,34,3797.03,1,357.22,Media,Centro-Oeste
702,24,6921.48,8,1897.78,Media,Sul
703,42,2969.29,13,3645.2,Baixa,Sul
704,62,2699.24,15,5229.32,Media,Sudeste
705,21,4174.94,8,2968.75,Alta,Nordeste
706,53,5507.05,12,2834.34,Alta,Nordeste
707,23,8143.77,12,3185.53,Media,Centro-Oeste
708,48,7226.6,14,3550.81,Baixa,Nordeste
709,36,7327.59,15,2299.69,Baixa,Nordeste
710,61,5265.71,15,3359.79,,Centro-Oeste
711,56,4748.58,9,2383.18,Alta,Sul
712,44,4911.75,19,4802.69,,Norte
713,27,8919.72,200,2643.86,Baixa,Sudeste
714,43,2760.71,19,4677.82,,Sul
715,36,8135.7,6,1634.06,Baixa,Nordeste
716,56,6261.39,19,4890.64,,Nordeste
717,20,5351.0,4,1340.63,,Centro-Oeste
718,62,7214.17,7,2560.2,Alta,Sudeste
719,30,5663.35,4,1131.89,Alta,Norte
720,67,8177.25,12,4168.3,,Centro-Oeste
721,45,8354.56,13,2914.56,Baixa,Centro-Oeste
722,37,5241.19,3,856.03,Baixa,Norte
723,45,4299.38,12,2835.69,Alta,Norte
724,25,6350.28,2,507.1,Alta,Nordeste
725,58,8430.36,2,666.21,Media,Centro-Oeste
726,56,3869.3,9,3333.74,Alta,Sul
727,18,6549.28,1,180.37,Baixa,Sul
728,20,6605.14,8,2469.28,Alta,Centro-Oeste
729,30,7265.23,6,1773.22,Media,Norte
730,45,3355.19,6,1077.62,,Sudeste
731,66,7152.86,18,3653.52,,Norte
732,42,8408.71,17,3871.76,Baixa,Norte
733,50,3667.94,12,2300.79,Media,Sudeste
734,55,4044.03,6,1265.59,,Norte
735,23,8814.07,8,1735.2,,Sudeste
736,61,3676.35,19,4444.45,Alta,Centro-Oeste
737,62,8053.5,10,3373.48,,Sudeste
738,49,5699.81,1,292.98,Baixa,Sul
739,62,4107.0,13,5155.3,,Sudeste
740,64,8159.87,17,4312.63,Baixa,Norte
741,38,5394.48,3,1015.4,Baixa,Centro-Oeste
742,33,5846.31,8,2942.94,Alta,Sudeste
743,38,4835.02,14,4476.42,Media,Norte
744,28,6354.18,3,758.9,Baixa,Sudeste
745,54,3562.91,16,5414.38,,Centro-Oeste
746,53,5042.03,13,2611.92,,Centro-Oeste
747,52,8801.18,17,3942.1,Baixa,Sul
748,36,4177.87,13,3726.73,,Centro-Oeste
749,37,6768.79,6,1763.11,Alta,Norte
750,35,4613.74,17,2644.1,,Centro-Oeste
751,64,7527.58,14,5407.9,Alta,Centro-Oeste
752,58,3350.68,17,5510.67,Baixa,Norte
753,66,8803.84,8,2191.41,Baixa,Norte
754,31,5449.63,11,4216.1,Baixa,Centro-Oeste
755,32,4034.33,1,259.77,Alta,Centro-Oeste
756,48,2977.73,7,2765.76,,Sudeste
757,18,3603.43,17,4727.21,Alta,Centro-Oeste
758,20,5878.53,10,1785.71,,Sul
759,33,50000.0,11,3753.2,,Sul
760,40,7887.74,9,2877.52,Alta,Sul
761,28,5300.77,9,3089.22,Media,Sul
762,29,4116.64,5,1939.3,Baixa,Centro-Oeste
763,27,6511.44,17,5850.08,,Sudeste
764,49,7094.05,9,2725.51,,Norte
765,33,3585.77,17,6193.56,Alta,Centro-Oeste
766,25,3589.52,19,6047.92,Media,Nordeste
767,55,2738.36,7,1764.21,Baixa,Centro-Oeste
768,29,7286.61,9,3342.64,Media,Sul
769,41,6814.73,7,1438.33,Baixa,Nordeste
770,45,5585.1,13,4272.58,,Centro-Oeste
771,25,7987.11,11,4074.3,,Sudeste
772,45,7736.86,14,4659.61,Alta,Sudeste
773,53,6304.8,19,6162.06,Alta,Nordeste
774,43,8143.76,11,3719.76,Media,Norte
775,25,3837.97,13,3461.43,Media,Nordeste
776,67,3227.48,14,5159.6,Baixa,Sudeste
777,45,4253.37,13,2611.17,Alta,Nordeste
778,45,2871.06,1,181.85,,Sul
779,54,5952.6,8,1771.02,Alta,Sul
780,58,8587.94,12,3394.73,Media,Norte
781,53,2755.73,19,5275.17,Alta,Nordeste
782,44,3293.71,12,4261.8,,Nordeste
783,34,5439.29,8,2009.14,Alta,Nordeste
784,26,8570.19,8,2168.69,Media,Nordeste
785,50,4555.01,13,1993.44,,Norte
786,37,5797.03,12,3029.22,Baixa,Sudeste
787,30,2770.22,16,4991.1,Baixa,Centro-Oeste
788,45,3464.23,1,153.88,,Norte
789,65,8913.1,13,2862.87,,Sudeste
790,46,8773.27,7,1413.92,,Sudeste
791,30,2532.11,5,802.48,Media,Sudeste
792,63,8686.78,8,2158.52,,Nordeste
793,52,6654.28,14,2736.03,Media,Norte
794,23,8141.47,13,4365.02,,Sudeste
795,35,5455.81,15,5429.73,Media,Centro-Oeste
796,68,5851.37,17,4868.74,Media,Centro-Oeste
797,22,5677.5,15,5931.4,Alta,Sul
798,64,6834.62,18,4727.15,Baixa,Sudeste
799,42,3407.73,18,5010.16,,Norte
800,19,2694.83,2,794.61,Baixa,Nordeste
801,27,4501.54,4,831.55,Baixa,Sul
802,47,7080.42,1,385.64,Alta,Sudeste
803,67,3812.05,4,642.84,Baixa,Nordeste
804,62,6877.31,18,4708.74,Baixa,Norte
805,22,8804.43,5,837.5,,Norte
806,50,3110.35,19,6313.87,Media,Sul
807,18,6871.91,15,4531.53,,Sul
808,35,5384.38,8,2613.27,,Sudeste
809,49,8142.92,17,4141.54,Baixa,Nordeste
810,64,3651.47,1,242.37,Baixa,Centro-Oeste
811,66,7002.07,12,1935.96,,Nordeste
812,28,7947.75,19,4512.24,,Norte
813,38,8639.99,15,5734.83,Baixa,Norte
814,43,6941.11,9,2203.26,Media,Sudeste
815,42,5731.64,7,2504.89,Media,Centro-Oeste
816,39,6516.01,2,721.16,,Sudeste
817,44,8147.88,9,2189.79,Media,Norte
818,66,6208.96,10,3079.97,,Norte
819,30,2697.52,2,347.69,Alta,Nordeste
820,50,8551.17,19,3342.47,Baixa,Centro-Oeste
821,51,6981.92,11,1783.81,,Nordeste
822,58,6897.34,13,3838.3,,Nordeste
823,52,3901.89,10,2565.18,,Sudeste
824,18,6782.76,14,4018.11,Media,Nordeste
825,38,5060.12,18,5044.83,,Sul
826,65,6733.01,19,4513.46,Alta,Sul
827,23,3192.85,9,2874.32,Media,Nordeste
828,45,6775.99,7,2377.38,Baixa,Centro-Oeste
829,34,8996.19,3,460.97,Alta,Nordeste
830,22,2813.38,6,1210.86,,Norte
831,48,8851.63,2,656.62,Alta,Norte
832,22,5144.9,6,1479.93,,Centro-Oeste
833,55,8159.9,3,946.86,Alta,Sudeste
834,20,7585.51,16,3787.85,Media,Sul
835,40,6185.61,8,1981.51,,Sul
836,54,7299.92,2,379.34,Media,Sudeste
837,54,8210.35,17,3647.48,Alta,Nordeste
838,27,5126.91,9,2712.18,,Centro-Oeste
839,27,4625.72,12,3099.49,Baixa,Nordeste
840,36,6839.36,3,1030.73,Baixa,Sudeste
841,34,7751.0,11,3994.61,,Centro-Oeste
842,38,7454.85,1,285.41,Alta,Sul
843,31,7685.79,13,4414.37,Baixa,Sul
844,26,5331.29,15,3400.89,,Nordeste
845,63,7815.92,5,1268.71,Baixa,Norte
846,18,3281.36,17,5579.31,,Sudeste
847,68,6039.18,6,1479.32,Alta,Sudeste
848,62,2537.43,11,3268.39,Alta,Nordeste
849,30,4609.81,18,3534.18,Media,Sudeste
850,21,4882.0,4,1199.77,Baixa,Sul
851,18,5075.12,3,1096.14,Media,Nordeste
852,66,7020.54,13,4773.08,Alta,Sul
853,57,5025.63,9,2979.77,,Centro-Oeste
854,49,5416.51,6,2018.63,Alta,Centro-Oeste
855,51,4044.04,12,3473.78,Alta,Norte
856,45,4926.14,2,592.33,,Sudeste
857,48,3977.25,3,550.24,Media,Centro-Oeste
858,25,2975.77,3,782.89,Baixa,Sudeste
859,56,6422.42,12,3152.33,Alta,Sul
860,43,6843.38,15,5844.37,Alta,Nordeste
861,51,6526.69,9,2319.95,Baixa,Centro-Oeste
862,20,5512.71,8,2298.69,Alta,Nordeste
863,67,4968.61,11,3116.44,Baixa,Centro-Oeste
864,29,8111.67,16,4947.05,Baixa,Sudeste
865,18,5874.03,4,1348.23,Baixa,Centro-Oeste
866,61,5614.68,1,206.26,,Centro-Oeste
867,22,2666.67,7,1975.27,Media,Sul
868,47,4718.11,2,712.96,Media,Norte
869,47,4971.27,5,1328.89,,Sul
870,34,5092.35,7,1537.3,Media,Nordeste
871,65,6271.12,4,1254.71,Media,Sudeste
872,64,5968.42,5,1779.71,Media,Sudeste
873,40,6451.38,1,165.79,Alta,Centro-Oeste
874,32,7471.74,1,344.2,,Sudeste
875,54,7784.41,15,5331.18,Media,Norte
876,38,7167.8,19,5042.23,,Norte
877,31,8710.9,10,3958.26,Media,Centro-Oeste
878,19,2618.51,18,6240.19,Media,Centro-Oeste
879,28,3772.56,3,1030.25,,Nordeste
880,68,2549.16,11,3706.56,Baixa,Centro-Oeste
881,56,6708.59,15,2814.78,,Sul
882,55,8337.2,11,2247.38,Baixa,Sul
883,51,4082.63,17,4521.96,Alta,Sul
884,55,8525.72,17,3672.02,,Norte
885,67,2891.74,6,1522.86,Baixa,Sudeste
886,51,8573.83,5,1860.58,Media,Nordeste
887,35,4785.55,8,2848.65,Alta,Centro-Oeste
888,47,3159.24,2,615.02,,Nordeste
889,32,5658.17,16,5832.48,Baixa,Norte
890,44,4169.05,12,4151.32,Baixa,Centro-Oeste
891,68,4351.67,6,1543.48,,Centro-Oeste
892,51,4497.38,1,200.27,Baixa,Norte
893,69,7719.67,4,1114.2,,Sudeste
894,55,6004.55,17,5678.97,Baixa,Centro-Oeste
895,50,4523.5,13,3368.36,Media,Sudeste
896,41,6467.17,18,5700.47,,Norte
897,32,7154.98,5,867.91,,Nordeste
898,47,4272.06,3,1011.0,Alta,Centro-Oeste
899,59,5188.07,11,3884.96,Media,Sudeste
900,68,3292.26,13,4247.22,,Centro-Oeste
901,34,3677.47,4,1567.26,Baixa,Sudeste
902,22,6927.27,14,4993.28,Baixa,Centro-Oeste
903,46,3679.35,11,4133.51,Baixa,Centro-Oeste
904,21,5913.56,10,3833.93,Alta,Centro-Oeste
905,27,7108.8,19,6656.4,,Nordeste
906,34,3194.7,18,5734.16,Baixa,Centro-Oeste
907,27,6187.53,6,908.58,Alta,Sudeste
908,34,4167.66,15,3996.85,Alta,Nordeste
909,37,8759.02,10,2927.91,,Sul
910,41,5643.05,5,1130.04,Baixa,Sudeste
911,22,7738.95,5,1147.63,Media,Sudeste
912,51,6076.47,10,3902.9,Baixa,Sul
913,23,2782.18,5,1864.64,Media,Nordeste
914,19,6615.48,3,1086.88,Media,Centro-Oeste
915,30,8684.12,6,1509.02,Baixa,Sudeste
916,60,6410.48,4,613.7,Media,Sul
917,60,7824.73,18,3061.0,Alta,Centro-Oeste
918,65,8247.34,9,2052.44,Alta,Nordeste
919,28,3982.52,17,2616.91,Baixa,Sudeste
920,68,3878.29,13,2005.74,,Centro-Oeste
921,64,6471.38,15,5687.26,Alta,Centro-Oeste
922,40,5171.69,17,5551.17,Baixa,Norte
923,33,7959.1,13,2954.11,Media,Sul
924,48,8350.15,16,2930.58,Alta,Centro-Oeste
925,28,4797.24,4,1111.64,Baixa,Nordeste
926,33,4039.66,5,756.68,Baixa,Norte
927,120,7573.42,5,1923.02,,Centro-Oeste
928,21,4286.24,9,2283.33,Media,Centro-Oeste
929,57,7846.99,17,4259.92,Media,Nordeste
930,21,5254.3,13,3219.43,Media,Norte
931,42,6839.07,2,334.66,Baixa,Norte
932,20,3120.98,13,4024.55,Baixa,Sul
933,49,6555.09,19,6331.77,Media,Centro-Oeste
934,20,5436.49,3,957.09,Baixa,Sul
935,44,6312.96,10,1846.09,,Norte
936,46,3592.09,2,589.42,Baixa,Sul
937,49,7289.68,13,3800.82,Baixa,Nordeste
938,67,8108.18,19,6974.95,Alta,Sudeste
939,68,3908.81,17,4161.29,,Nordeste
940,36,3122.14,14,3400.2,Alta,Norte
941,38,2653.65,12,3655.58,Media,Nordeste
942,22,6672.81,12,3699.22,Media,Norte
943,35,6446.11,11,2940.53,,Nordeste
944,45,6053.53,7,1825.35,Baixa,Centro-Oeste
945,59,4007.66,4,1094.15,Alta,Centro-Oeste
946,39,5040.89,19,6939.97,,Nordeste
947,38,6364.1,1,265.29,Alta,Sul
948,23,5728.98,3,1154.95,Baixa,Norte
949,18,8920.61,13,3588.01,Alta,Centro-Oeste
950,22,3386.86,15,5809.5,,Norte
951,58,7018.44,2,716.42,Baixa,Centro-Oeste
952,29,5128.07,11,2646.69,Baixa,Sudeste
953,43,5283.3,4,1463.64,,Nordeste
954,63,7164.39,19,3372.8,Baixa,Centro-Oeste
955,51,7000.83,17,6481.45,Alta,Nordeste
956,66,-5000.0,3,923.73,Media,Sudeste
957,31,3334.56,18,2944.76,,Norte
958,43,3176.71,8,2488.51,Alta,Nordeste
959,62,7208.2,19,7477.68,Baixa,Centro-Oeste
960,44,6259.51,5,837.25,Media,Sudeste
961,26,4282.04,7,2020.7,Alta,Centro-Oeste
962,43,3016.23,8,2695.59,,Sudeste
963,64,3056.78,5,1762.82,Baixa,Sudeste
964,39,8312.24,17,4308.77,,Centro-Oeste
965,64,3747.14,5,1005.21,Alta,Nordeste
966,47,4601.92,4,642.34,Media,Norte
967,60,3973.27,19,5603.7,Alta,Norte
968,65,4807.48,2,526.46,Alta,Sudeste
969,34,2951.25,11,4259.05,Baixa,Centro-Oeste
970,43,5873.89,13,2146.97,,Sudeste
971,53,2939.48,15,4820.23,Alta,Norte
972,18,7702.32,12,1874.9,Alta,Sudeste
973,25,4019.13,11,2121.44,Media,Sudeste
974,66,6010.08,7,1843.76,Media,Norte
975,52,8220.51,5,1318.59,,Nordeste
976,69,6730.7,17,5464.23,,Sudeste
977,32,5964.23,9,3397.98,Baixa,Nordeste
978,64,4608.17,14,4336.61,,Sudeste
979,39,4664.51,12,4660.61,Media,Centro-Oeste
980,31,6851.67,6,2222.42,,Sudeste
981,43,8961.91,17,5034.12,Alta,Sudeste
982,45,6801.95,19,6810.51,,Sul
983,40,6125.59,19,5902.24,,Centro-Oeste
984,31,7249.23,16,2714.23,Baixa,Centro-Oeste
985,41,5523.84,12,4021.69,Alta,Nordeste
986,19,2890.93,12,2084.73,Baixa,Nordeste
987,62,6154.93,6,1791.12,Media,Sudeste
988,43,8724.56,4,1302.64,,Norte
989,31,3639.47,6,999.79,,Sudeste
990,68,6985.03,11,2284.69,Media,Sul
991,24,3806.07,1,378.92,Baixa,Sudeste
992,20,5982.88,15,4561.18,Alta,Sul
993,64,3128.4,11,2327.29,Baixa,Sudeste
994,40,5427.41,19,6130.73,Baixa,Nordeste
995,63,7415.06,18,5385.49,Alta,Sudeste
996,60,4759.21,17,4681.7,,Nordeste
997,64,6821.93,19,7486.89,Baixa,Norte
998,62,7670.42,14,4492.09,Media,Norte
999,35,8526.66,18,4389.48,Alta,Centro-Oeste
1000,55,4025.17,19,6650.35,,Sudeste
